{
	"format_version": "1.8.0",
	"animations": {
		"animation.cc_hc.watcher.idle": {
			"loop": true
		},
		"animation.cc_hc.watcher.walk": {
			"anim_time_update": "q.anim_time + (q.ground_speed * 0.6) * q.delta_time",
			"loop": true,
			"animation_length": 1,
			"bones": {
				"body": {
					"rotation": {
						"0.0": [20, 0, -2],
						"0.25": [5, 0, 0],
						"0.5": [20, 0, 2],
						"0.75": [5, 0, 0],
						"1.0": [20, 0, -2]
					}
				},
				"head": {
					"rotation": {
						"0.0": [-25, 0, 0],
						"0.25": [-7.5, 0, 0],
						"0.5": [-25, 0, 0],
						"0.75": [-7.5, 0, 0],
						"1.0": [-25, 0, 0]
					},
					"position": {
						"0.0": [0, 0, 0],
						"0.25": [0, -2, 0],
						"0.5": [0, 0, 0],
						"0.75": [0, -2, 0],
						"1.0": [0, 0, 0]
					}
				},
				"leftArm": {
					"rotation": {
						"0.0": [-14.72837, -2.56678, -9.66821],
						"0.5": [-19.71975, 0, 0],
						"1.0": [-14.72837, -2.56678, -9.66821]
					}
				},
				"rightArm": {
					"rotation": {
						"0.0": [-19.65046, -1.6852, -4.70813],
						"0.5": [-14.94548, 2.5668, 9.6682],
						"1.0": [-19.65046, -1.6852, -4.70813]
					}
				},
				"rightLeg": {
					"rotation": {
						"0.0": [-22.5, 0, 0],
						"0.5": [22.5, 0, 0],
						"1.0": [-22.5, 0, 0]
					},
					"position": {
						"0.0": [0, 0, -1],
						"0.5": [0, 0, 1],
						"0.75": [0, 3, 0],
						"1.0": [0, 0, -1]
					}
				},
				"leftLeg": {
					"rotation": {
						"0.0": [22.5, 0, 0],
						"0.5": [-22.5, 0, 0],
						"1.0": [22.5, 0, 0]
					},
					"position": {
						"0.0": [0, 0, 1],
						"0.25": [0, 3, 0],
						"0.5": [0, 0, -1],
						"1.0": [0, 0, 1]
					}
				}
			}
		},
		"animation.cc_hc.watcher.crawl": {
			"loop": true,
			"animation_length": 1,
			"bones": {
				"body": {
					"rotation": [75, 0, 0],
					"position": [0, -3, 0]
				},
				"head": {
					"rotation": [-77.5, 0, 0]
				},
				"leftArm": {
					"rotation": {
						"0.0": [-100, 0, 0],
						"0.5": [-60, 0, 0],
						"1.0": [-100, 0, 0]
					},
					"position": {
						"0.0": [0, 0, 0],
						"0.5": [0, 0, 0],
						"0.75": [0, 0, 4],
						"1.0": [0, 0, 0]
					}
				},
				"rightArm": {
					"rotation": {
						"0.0": [-60, 0, 0],
						"0.5": [-100, 0, 0],
						"1.0": [-60, 0, 0]
					},
					"position": {
						"0.0": [0, 0, 0],
						"0.25": [0, 0, 4],
						"0.5": [0, 0, 0],
						"1.0": [0, 0, 0]
					}
				},
				"rightLeg": {
					"rotation": {
						"0.0": [-15, 0, 0],
						"0.5": [27.5, 0, 0],
						"1.0": [-15, 0, 0]
					},
					"position": {
						"0.0": [0, -2, 0],
						"0.5": [0, -3, 0],
						"0.75": [0, -0.5, 0],
						"1.0": [0, -2, 0]
					}
				},
				"leftLeg": {
					"rotation": {
						"0.0": [27.5, 0, 0],
						"0.5": [-15, 0, 0],
						"1.0": [27.5, 0, 0]
					},
					"position": {
						"0.0": [0, -3, 0],
						"0.25": [0, -0.5, 0],
						"0.5": [0, -2, 0],
						"1.0": [0, -3, 0]
					}
				},
				"root": {
					"position": [0, 2, 7]
				}
			}
		},
		"animation.cc_hc.watcher.crawl_deep": {
			"loop": true,
			"animation_length": 0.6667,
			"bones": {
				"body": {
					"rotation": [90, 0, 0]
				},
				"head": {
					"rotation": [-92.5, 0, 0]
				},
				"leftArm": {
					"rotation": {
						"0.0": [-162.68406, -2.15393, 9.76758],
						"0.3333": [-153.29062, -5.08661, 19.3481],
						"0.6667": [-162.68406, -2.15393, 9.76758]
					},
					"position": {
						"0.0": [0, 0, 0],
						"0.3333": [0, -5, 4],
						"0.6667": [0, 0, 0]
					}
				},
				"rightArm": {
					"rotation": {
						"0.0": [-153.29062, 5.0866, -19.3481],
						"0.3333": [-162.68406, 2.1539, -9.7676],
						"0.6667": [-153.29062, 5.0866, -19.3481]
					},
					"position": {
						"0.0": [0, -5, 4],
						"0.3333": [0, 0, 0],
						"0.6667": [0, -5, 4]
					}
				},
				"rightLeg": {
					"rotation": {
						"0.0": [54.17841, -13.27207, 7.05309],
						"0.3333": [66.67841, -13.27207, 7.05309],
						"0.6667": [54.17841, -13.27207, 7.05309]
					},
					"position": {
						"0.0": [-3, 4, -5],
						"0.3333": [-2, 1, 2],
						"0.6667": [-3, 4, -5]
					}
				},
				"leftLeg": {
					"rotation": {
						"0.0": [66.67841, 13.2721, -7.0531],
						"0.3333": [54.17841, 13.2721, -7.0531],
						"0.6667": [66.67841, 13.2721, -7.0531]
					},
					"position": {
						"0.0": [2, 1, 1],
						"0.3333": [3, 4, -5],
						"0.6667": [2, 1, 1]
					}
				},
				"root": {
					"position": [0, -12, 15]
				}
			}
		},
		"animation.cc_hc.watcher.grab": {
			"loop": true,
			"bones": {
				"leftArm": {
					"rotation": [-67.32542, 6.92618, 2.88419]
				},
				"rightArm": {
					"rotation": [-67.32542, -6.92618, -2.88419]
				}
			}
		}
	}
}