{
	"format_version": "1.8.0",
	"animations": {
		"animation.cc.eagle.fly": {
			"loop": true,
			"animation_length": 3.5,
			"bones": {
				"root": {
					"rotation": ["45 - query.target_x_rotation", 0, 0],
					"position": {
						"0.0": [0, 1, 7],
						"0.2917": [0, 0, 7],
						"0.625": [0, 3, 7],
						"1.0833": [0, 1, 7],
						"1.7083": [0, 3, 7],
						"3.4583": [0, 1, 7]
					}
				},
				"head": {
					"rotation": [-5, 0, 0],
					"position": [0, 1, -2]
				},
				"leftWing": {
					"rotation": {
						"0.0": [-94.62848, -39.48073, -15.62487],
						"0.2917": [11.88029, -23.79305, -152.48466],
						"0.625": [-94.62848, -39.48073, -15.62487],
						"1.0": [11.88029, -23.79305, -152.48466],
						"1.375": [-32.69148, -59.22194, -91.4797],
						"3.4583": [-94.62848, -39.48073, -15.62487]
					},
					"position": [0, 0, 0]
				},
				"leftLeg": {
					"rotation": [45, 0, 0]
				},
				"rightLeg": {
					"rotation": [45, 0, 0]
				},
				"leftWingEnd": {
					"position": [0, -5, 0]
				},
				"rightWing": {
					"rotation": {
						"0.0": [-94.62848, 39.48073, 15.62487],
						"0.2917": [11.88029, 23.79305, 152.48466],
						"0.625": [-94.62848, 39.48073, 15.62487],
						"1.0": [11.88029, 23.79305, 152.48466],
						"1.4167": [-32.69148, 59.22194, 91.4797],
						"3.4583": [-94.62848, 39.48073, 15.62487]
					},
					"position": [0, 0, 0]
				},
				"rightWingEnd": {
					"position": [0, -4.9, 0]
				}
			}
		},
		"animation.cc.eagle.walk": {
			"loop": true,
			"animation_length": 0.4167,
			"bones": {
				"body": {
					"position": {
						"0.0": [0, 0, 0],
						"0.0833": [0, -1, 0],
						"0.2083": [0, 0, 0],
						"0.2917": [0, -1, 0],
						"0.4167": [0, 0, 0]
					}
				},
				"head": {
					"rotation": [0, 0, 0],
					"position": {
						"0.0": [0, 0, 0],
						"0.0833": [0, -1, 0],
						"0.2083": [0, 0, 0],
						"0.2917": [0, -1, 0],
						"0.4167": [0, 0, 0]
					}
				},
				"leftLeg": {
					"rotation": {
						"0.0": [-22.5, 0, 0],
						"0.2083": [22.5, 0, 0],
						"0.4167": [-22.5, 0, 0]
					}
				},
				"rightLeg": {
					"rotation": {
						"0.0": [25, 0, 0],
						"0.2083": [-20, 0, 0],
						"0.4167": [25, 0, 0]
					}
				}
			}
		},
		"animation.cc.eagle.idle": {
			"loop": true
		},
		"animation.cc.eagle.attack": {
			"loop": "hold_on_last_frame",
			"bones": {
				"root": {
					"rotation": ["- query.target_x_rotation", 0, 0],
					"position": [0, 0, 1]
				},
				"head": {
					"rotation": [0, 0, 0],
					"position": [0, -1, -1]
				},
				"leftWing": {
					"rotation": [7.89202, -34.03778, -144.27989],
					"position": [0, 0, 0]
				},
				"leftWingEnd": {
					"position": [0, -4.9, 0]
				},
				"rightWing": {
					"rotation": [7.89202, 34.03778, 144.27989],
					"position": [0, 0, 0]
				},
				"rightWingEnd": {
					"position": [0, -4.9, 0]
				},
				"leftLeg": {
					"rotation": [-37.5, 0, 0]
				},
				"rightLeg": {
					"rotation": [-37.5, 0, 0]
				}
			}
		},
		"animation.cc.eagle.dive": {
			"loop": true,
			"bones": {
				"root": {
					"rotation": ["45 - query.target_x_rotation", 0, 0],
					"position": [0, 1, 7]
				},
				"head": {
					"rotation": [52.5, 0, 0],
					"position": [0, 0, 1]
				},
				"leftWing": {
					"rotation": [-21.22024, -56.88411, -104.97827],
					"position": [0, 0, 0]
				},
				"leftWingEnd": {
					"position": [0, -4.9, 0]
				},
				"rightWing": {
					"rotation": [-21.22024, 56.88411, 104.97827],
					"position": [0, 0, 0]
				},
				"rightWingEnd": {
					"position": [0, -4.9, 0]
				},
				"leftLeg": {
					"rotation": [-22.5, 0, 0]
				},
				"rightLeg": {
					"rotation": [-22.5, 0, 0]
				}
			}
		},
		"animation.cc.eagle.has_rider": {
			"loop": "hold_on_last_frame",
			"bones": {
				"leftLeg": {
					"rotation": [-45, 0, 0],
					"position": [0, 0, 0]
				},
				"rightLeg": {
					"rotation": [-45, 0, 0],
					"position": [0, 0, 0]
				}
			}
		},
		"animation.cc.eagle.fly_up": {
			"loop": true,
			"animation_length": 0.625,
			"bones": {
				"root": {
					"rotation": ["45 - query.target_x_rotation", 0, 0],
					"position": {
						"0.0": [0, 1, 7],
						"0.2917": [0, 0, 7],
						"0.625": [0, 1, 7]
					}
				},
				"head": {
					"rotation": [45, 0, 0],
					"position": [0, 0.35, 1.65]
				},
				"leftWing": {
					"rotation": {
						"0.0": [-94.62848, -39.48073, -15.62487],
						"0.2917": [11.88029, -23.79305, -152.48466],
						"0.625": [-94.62848, -39.48073, -15.62487]
					},
					"position": [0, 0, 0]
				},
				"leftLeg": {
					"rotation": [45, 0, 0]
				},
				"rightLeg": {
					"rotation": [45, 0, 0]
				},
				"leftWingEnd": {
					"position": [0, -4.9, 0]
				},
				"rightWing": {
					"rotation": {
						"0.0": [-94.62848, 39.48073, 15.62487],
						"0.2917": [11.88029, 23.79305, 152.48466],
						"0.625": [-94.62848, 39.48073, 15.62487]
					},
					"position": [0, 0, 0]
				},
				"rightWingEnd": {
					"position": [0, -4.9, 0]
				}
			}
		},
		"animation.cc.eagle.player.ride": {
			"loop": true,
			"bones": {
				"root": {
					"rotation": ["!v.is_first_person * 90", 0, 0],
					"position": [0, "!v.is_first_person * 22", "!v.is_first_person * 17"]
				},
				"leftArm": {
					"rotation": ["!v.is_first_person * -90", 0, 0]
				},
				"rightArm": {
					"rotation": ["!v.is_first_person * -90", 0, 0]
				}
			}
		},
		"animation.cc.eagle.look_at_target" : {
			"loop" : true,
			"bones" : {
				"head" : {
					"relative_to" : {
						"rotation" : "entity"
					},
					"rotation" : [ "-query.target_x_rotation - this", "query.target_y_rotation - this", 0.0 ]
				}
			}
		}
	}
}