{
	"format_version": "1.8.0",
	"animations": {
		"animation.cc.seagull.fly": {
			"loop": true,
			"animation_length": 1,
			"anim_time_update": "math.clamp(q.anim_time + (q.vertical_speed * 0.3) * q.delta_time, query.anim_time + 0.8 * query.delta_time, query.anim_time + 2 * query.delta_time)",
			"bones": {
				"leftWing": {
					"rotation": {
						"0.0": [-87.30979, 0.53521, -135.15196],
						"0.5": [-89.70086, -2.72655, -40.17165],
						"1.0": [-87.30979, 0.53521, -135.15196]
					}
				},
				"head": {
					"rotation": [0, 0, 0],
					"position": [0, -2, -4]
				},
				"rightWing": {
					"rotation": {
						"0.0": [-87.30979, -0.53521, 135.15196],
						"0.5": [-89.70086, 2.72655, 40.17165],
						"1.0": [-87.30979, -0.53521, 135.15196]
					}
				},
				"leftLeg": {
					"rotation": [80, 0, 0],
					"position": [0, 0, -1]
				},
				"rightLeg": {
					"rotation": [80, 0, 0],
					"position": [0, 0, -1]
				},
				"root": {
					"rotation": ["-query.target_x_rotation", 0, 0]
				}
			}
		},
		"animation.cc.seagull.idle": {
			"loop": true,
			"animation_length": 5,
			"bones": {
				"head": {
					"rotation": {
						"0.0": [0, 0, 0],
						"0.7917": [0, 0, 0],
						"0.9167": [92.5, 0, 0],
						"1.0": [70, 0, 0],
						"1.0833": [92.5, 0, 0],
						"1.1667": [70, 0, 0],
						"1.25": [92.5, 0, 0],
						"1.3333": [70, 0, 0],
						"1.5": [0, 0, 0],
						"5.0": [0, 0, 0]
					}
				},
				"rightWing": {
					"rotation": {
						"0.0": [0, 0, 0],
						"0.3333": [0, 0, 0],
						"0.5833": [0, -12.5, 0],
						"0.875": [0, 0, 0]
					}
				},
				"leftWing": {
					"rotation": {
						"0.0": [0, 0, 0],
						"1.8333": [0, 0, 0],
						"2.0833": [0, 12.5, 0],
						"2.375": [0, 0, 0]
					}
				}
			}
		}
	}
}