{
	"format_version": "1.8.0",
	"animations": {
		"animation.entity.ntk_rat_curserer.attack_melee": {
			"loop": true,
			"animation_length": 0.83333,
			"bones": {
				"waist": {
					"rotation": {
						"0.0": [0, 0, 0],
						"0.1667": [0, 0, 0],
						"0.3333": [10, -30, 0],
						"0.4167": [10, -30, 0],
						"0.5833": [0, 0, 0],
						"0.75": [0, 0, 0]
					}
				},
				"coat_front_ri": {
					"rotation": {
						"0.0": [-12.5, 0, 0],
						"0.1667": [-12.5, 0, 0],
						"0.3333": [-45, 0, 0],
						"0.4167": [-45, 0, 0],
						"0.5833": [-12.5, 0, 0],
						"0.75": [-12.5, 0, 0]
					}
				},
				"coat_front_le": {
					"rotation": {
						"0.0": [-12.5, 0, 0],
						"0.1667": [-12.5, 0, 0],
						"0.3333": [-20, 0, 0],
						"0.4167": [-20, 0, 0],
						"0.5833": [-12.5, 0, 0],
						"0.75": [-12.5, 0, 0]
					}
				},
				"coat_back": {
					"rotation": {
						"0.0": [0, 0, 0],
						"0.1667": [7.5, 0, 0],
						"0.3333": [12.5, 0, 0],
						"0.4167": [12.5, 0, 0],
						"0.5833": [7.5, 0, 0],
						"0.75": [0, 0, 0]
					}
				},
				"coat_right": {
					"rotation": {
						"0.0": [0, 0, 0],
						"0.1667": [0, 0, 5],
						"0.3333": [0, 20, 22.5],
						"0.4167": [0, 20, 22.5],
						"0.5833": [0, 0, 5],
						"0.75": [0, 0, 0]
					}
				},
				"coat_left": {
					"rotation": {
						"0.0": [0, 0, 0],
						"0.1667": [0, 0, -5],
						"0.3333": [0, 0, -17.5],
						"0.4167": [0, 0, -17.5],
						"0.5833": [0, 0, -5],
						"0.75": [0, 0, 0]
					}
				},
				"arm_left": {
					"rotation": {
						"0.0": [0, 0, 0],
						"0.1667": [-45, 0, 0],
						"0.3333": [0, 0, -37.5],
						"0.4167": [0, 0, -37.5],
						"0.5833": [-45, 0, 0],
						"0.75": [0, 0, 0]
					}
				},
				"arm_right": {
					"rotation": {
						"0.0": [0, 0, 0],
						"0.1667": [0, 0, 0],
						"0.3333": [0, -17.5, 0],
						"0.4167": [0, -17.5, 0],
						"0.5833": [0, 0, 0],
						"0.75": [0, 0, 0]
					}
				},
				"staff": {
					"rotation": {
						"0.0": [0, 0, 0],
						"0.1667": [17.5, 65, 0],
						"0.3333": [16.73114, 65.47948, -3.71638],
						"0.4167": [16.73114, 65.47948, -3.71638],
						"0.5833": [17.5, 65, 0],
						"0.75": [0, 0, 0]
					},
					"position": {
						"0.0": [0, 0, 0],
						"0.1667": [0, 0, 0],
						"0.3333": [-4, -1, -2],
						"0.4167": [-4, -1, -2],
						"0.5833": [0, 0, 0],
						"0.75": [0, 0, 0]
					}
				},
				"tail": {
					"rotation": {
						"0.0": [0, 0, 0],
						"0.3333": [30, 0, 0],
						"0.4167": [30, 0, 0],
						"0.75": [0, 0, 0]
					}
				},
				"leg_left": {
					"rotation": {
						"0.0": [0, 0, 0],
						"0.1667": [0, 0, -5],
						"0.3333": [25, 0, -10],
						"0.4167": [25, 0, -10],
						"0.5833": [0, 0, -5],
						"0.75": [0, 0, 0]
					}
				},
				"leg_left_b": {
					"rotation": {
						"0.0": [0, 0, 0],
						"0.1667": [0, 0, 0],
						"0.3333": [-20, 0, 0],
						"0.4167": [-20, 0, 0],
						"0.5833": [0, 0, 0],
						"0.75": [0, 0, 0]
					}
				},
				"leg_left_c": {
					"rotation": {
						"0.0": [0, 0, 0],
						"0.1667": [0, 0, 0],
						"0.3333": [-2.5, 0, 0],
						"0.4167": [-2.5, 0, 0],
						"0.5833": [0, 0, 0],
						"0.75": [0, 0, 0]
					}
				},
				"leg_right": {
					"rotation": {
						"0.0": [0, 0, 0],
						"0.1667": [0, 0, 5],
						"0.3333": [-25, 0, 5],
						"0.4167": [-25, 0, 5],
						"0.5833": [0, 0, 5],
						"0.75": [0, 0, 0]
					}
				},
				"leg_right_b": {
					"rotation": {
						"0.0": [0, 0, 0],
						"0.1667": [0, 0, 0],
						"0.3333": [-5, 0, 0],
						"0.4167": [-5, 0, 0],
						"0.5833": [0, 0, 0],
						"0.75": [0, 0, 0]
					}
				},
				"leg_right_c": {
					"rotation": {
						"0.0": [0, 0, 0],
						"0.1667": [0, 0, 0],
						"0.3333": [30, 0, 0],
						"0.4167": [30, 0, 0],
						"0.5833": [0, 0, 0],
						"0.75": [0, 0, 0]
					}
				},
				"mouth_down": {
					"rotation": {
						"0.0": [0, 0, 0],
						"0.3333": [25, 0, 0],
						"0.4167": [25, 0, 0],
						"0.75": [0, 0, 0]
					}
				},
				"feather_1": {
					"rotation": {
						"0.0": [0, 0, 0],
						"0.1667": [0, -50, 0],
						"0.3333": [-20, -70, 0],
						"0.5833": [0, -50, 0],
						"0.75": [0, 0, 0]
					}
				},
				"feather_2": {
					"rotation": {
						"0.0": [0, 0, 0],
						"0.1667": [30, -70, 0],
						"0.3333": [50, -60, 0],
						"0.5833": [30, -70, 0],
						"0.75": [0, 0, 0]
					}
				}
			}
		},
		"animation.entity.ntk_rat_curserer.attack_staffed": {
			"loop": true,
			"animation_length": 0.5,
			"bones": {
				"body": {
					"rotation": [0, -5, 0]
				},
				"waist": {
					"rotation": [0, -22.5, 0]
				},
				"coat_front_ri": {
					"rotation": {
						"0.0": [-27.5, 0, 0],
						"0.25": [-37.5, 0, 0],
						"0.5": [-27.5, 0, 0]
					}
				},
				"coat_front_le": {
					"rotation": {
						"0.0": [-12.5, 0, 0],
						"0.25": [-22.5, 0, 0],
						"0.5": [-12.5, 0, 0]
					}
				},
				"coat_back": {
					"rotation": {
						"0.0": [15, 0, 0],
						"0.25": [25, 0, 0],
						"0.5": [15, 0, 0]
					}
				},
				"coat_right": {
					"rotation": {
						"0.0": [0, 0, 15],
						"0.25": [0, 0, 30],
						"0.5": [0, 0, 15]
					}
				},
				"coat_left": {
					"rotation": {
						"0.0": [0, 0, -15],
						"0.25": [0, 0, -25],
						"0.5": [0, 0, -15]
					}
				},
				"mouth_down": {
					"rotation": {
						"0.0": [5, 0, 0],
						"0.25": [15, 0, 0],
						"0.5": [5, 0, 0]
					}
				},
				"arm_left": {
					"rotation": {
						"0.0": [16.2677, -11.82166, -33.03405],
						"0.25": [21.78935, -11.75496, -35.58701],
						"0.5": [16.2677, -11.82166, -33.03405]
					}
				},
				"arm_right": {
					"rotation": {
						"0.0": [-5, 0, 0],
						"0.25": [0, 0, 0],
						"0.5": [-5, 0, 0]
					}
				},
				"staff": {
					"rotation": [54.19049, 58.18161, 11.57582],
					"position": [1, 0, 0]
				},
				"tail": {
					"rotation": {
						"0.0": [10, 0, 0],
						"0.25": [20, 0, 0],
						"0.5": [10, 0, 0]
					}
				},
				"leg_left": {
					"rotation": {
						"0.0": [14.99469, -8.44105, -9.53691],
						"0.5": [14.99469, -8.44105, -9.53691]
					}
				},
				"leg_left_b": {
					"rotation": {
						"0.0": [-10, 0, 0],
						"0.5": [-10, 0, 0]
					}
				},
				"leg_left_c": {
					"rotation": {
						"0.0": [-2.47365, 1.5216, 1.98385],
						"0.5": [-2.47365, 1.5216, 1.98385]
					}
				},
				"leg_right": {
					"rotation": {
						"0.0": [-15.0945, -2.49762, 4.33287],
						"0.5": [-15.0945, -2.49762, 4.33287]
					}
				},
				"leg_right_b": {
					"rotation": {
						"0.0": [0, 0, 0],
						"0.5": [0, 0, 0]
					}
				},
				"leg_right_c": {
					"rotation": {
						"0.0": [15, 0, 0],
						"0.5": [15, 0, 0]
					}
				},
				"feather_1": {
					"rotation": {
						"0.0": [-10, -50, 0],
						"0.25": [-50, -50, 0],
						"0.5": [-10, -50, 0]
					}
				},
				"feather_2": {
					"rotation": {
						"0.0": [10, -50, 0],
						"0.25": [50, -50, 0],
						"0.5": [10, -50, 0]
					}
				}
			}
		},
		"animation.entity.ntk_rat_curserer.casting": {
			"loop": true,
			"animation_length": 0.5,
			"bones": {
				"waist": {
					"rotation": {
						"0.0": [-5, 0, 0],
						"0.25": [-2.5, 0, 0],
						"0.5": [-5, 0, 0]
					}
				},
				"coat_front_ri": {
					"rotation": {
						"0.0": [-37.5, 0, 0],
						"0.125": [-47.5, 0, 0],
						"0.25": [-37.5, 0, 0],
						"0.375": [-47.5, 0, 0],
						"0.5": [-37.5, 0, 0]
					}
				},
				"coat_front_le": {
					"rotation": {
						"0.0": [0, 0, 0],
						"0.125": [-17.5, 0, 0],
						"0.25": [0, 0, 0],
						"0.375": [-17.5, 0, 0],
						"0.5": [0, 0, 0]
					}
				},
				"coat_back": {
					"rotation": {
						"0.0": [22.5, 0, 0],
						"0.125": [40, 0, 0],
						"0.25": [22.5, 0, 0],
						"0.375": [40, 0, 0],
						"0.5": [22.5, 0, 0]
					}
				},
				"coat_right": {
					"rotation": {
						"0.0": [0, 0, 15],
						"0.125": [0, 0, 30],
						"0.25": [0, 0, 15],
						"0.375": [0, 0, 30],
						"0.5": [0, 0, 15]
					}
				},
				"coat_left": {
					"rotation": {
						"0.0": [0, 0, -15],
						"0.125": [0, 0, -30],
						"0.25": [0, 0, -15],