{
	"format_version": "1.8.0",
	"animations": {
	  "animation.entity.ntk_rat.attack_melee": {
			"loop": true,
			"animation_length": 0.5,
			"bones": {
				"body": {
					"rotation": {
						"0.0": [0, 0, 0],
						"0.0833": [-20, 0, 0],
						"0.3333": [-20, 0, 0],
						"0.5": [-0.19962, 0.37331, 2.87403]
					},
					"position": {
						"0.0": [0, 0, 0],
						"0.0833": [0, 1, 0],
						"0.3333": [0, 1, 0],
						"0.5": [0, 0, 0]
					}
				},
				"head": {
					"rotation": {
						"0.0": [0, 0, 0],
						"0.0833": [15, 0, 0],
						"0.1667": [35, 0, 0],
						"0.25": [-5, 0, 0],
						"0.2917": [10, 0, 0],
						"0.5": [0, 0, 0]
					}
				},
				"tail": {
					"rotation": {
						"0.0": [0, 0, 0],
						"0.0833": [20, 0, 0],
						"0.1667": [20, 0, 0],
						"0.25": [40, 0, 0],
						"0.3333": [20, 0, 0],
						"0.5": [0, 0, 0]
					}
				},
				"arm_right": {
					"rotation": {
						"0.0": [0, 0, 0],
						"0.1667": [20, 0, 0],
						"0.25": [-10, 0, 0],
						"0.2917": [20, 0, 0],
						"0.5": [0, 0, 0]
					}
				},
				"arm_left": {
					"rotation": {
						"0.0": [0, 0, 0],
						"0.1667": [20, 0, 0],
						"0.25": [-10, 0, 0],
						"0.2917": [20, 0, 0],
						"0.5": [0, 0, 0]
					}
				}
			}
		},
	  "animation.entity.ntk_rat.baby_scaling": {
      "loop": true,
      "bones": {
        "head": {
          "scale": 1.2
        }
      }
    },
	  "animation.entity.ntk_rat.interested": {
			"loop": true,
			"animation_length": 0.66667,
			"bones": {
				"head": {
					"rotation": [0, 0, 12.5]
				},
				"ear_right": {
					"rotation": {
						"0.0": [0, 0, 0],
						"0.1667": [0, -45, 0],
						"0.3333": [0, 0, 0],
						"0.5": [0, -45, 0],
						"0.6667": [0, 0, 0]
					}
				},
				"ear_left": {
					"rotation": {
						"0.0": [0, 0, 0],
						"0.1667": [0, 45, 0],
						"0.3333": [0, 0, 0],
						"0.5": [0, 45, 0],
						"0.6667": [0, 0, 0]
					}
				},
				"mouth": {
					"rotation": {
						"0.0": [0, 0, 0],
						"0.1667": [0, 0, 0],
						"0.25": [-10, 0, 0],
						"0.3333": [0, 0, 0],
						"0.4167": [-10, 0, 0],
						"0.5": [0, 0, 0],
						"0.6667": [0, 0, 0]
					}
				},
				"tail": {
					"rotation": {
						"0.0": [45, 0, 0],
						"0.0833": [45.57779, 14.2906, 4.60659],
						"0.1667": [45, 0, 0],
						"0.25": [45.57779, -14.2906, -4.60659],
						"0.3333": [45, 0, 0],
						"0.4167": [45.57779, 14.2906, 4.60659],
						"0.5": [45, 0, 0],
						"0.5833": [45.57779, -14.2906, -4.60659],
						"0.6667": [45, 0, 0]
					}
				}
			}
		},
	  "animation.entity.ntk_rat.look_at_target": {
			"loop": true,
			"bones": {
				"head": {
					"relative_to": {
						"rotation": "entity"
					},
					"rotation": [
					  "query.target_x_rotation - this",
					  "query.target_y_rotation - this",
					  0.0
					]
				}
			}
		},
		"animation.entity.ntk_rat.sitting": {
			"loop": true,
			"animation_length": 4,
			"bones": {
				"body": {
					"rotation": [-15, 0, 0]
				},
				"arm_right": {
					"rotation": [15, 0, 0],
					"position": [0, -0.5, 0]
				},
				"arm_left": {
					"rotation": [15, 0, 0],
					"position": [0, -0.5, 0]
				},
				"head": {
					"rotation": [15, 0, 0]
				},
				"ear_right": {
					"rotation": {
						"0.0": [0, 0, 0],
						"0.8333": [0, 0, 0],
						"0.9167": [0, -22.5, 0],
						"1.0": [0, 0, 0],
						"1.0833": [0, -22.5, 0],
						"1.1667": [0, 0, 0],
						"2.0": [0, 0, 0]
					}
				},
				"ear_left": {
					"rotation": {
						"0.0": [0, 0, 0],
						"0.8333": [0, 0, 0],
						"0.9167": [0, 22.5, 0],
						"1.0": [0, 0, 0],
						"1.0833": [0, 22.5, 0],
						"1.1667": [0, 0, 0],
						"2.0": [0, 0, 0]
					}
				},
				"tail": {
					"rotation": {
						"0.0": [27.5, 45, 0],
						"1.0": [27.5, 45, 0]
					}
				}
			}
		},
		"animation.entity.ntk_rat.walking": {
			"loop": true,
			"animation_length": 0.5,
			"bones": {
				"ear_right": {
					"rotation": {
						"0.0": [0, 0, 0],
						"0.25": [0, 20, 0],
						"0.5": [0, 0, 0]
					}
				},
				"ear_left": {
					"rotation": {
						"0.0": [0, 0, 0],
						"0.25": [0, -22.5, 0],
						"0.5": [0, 0, 0]
					}
				},
				"mouth": {
					"rotation": {
						"0.0": [0, 0, 0],
						"0.25": [-7.5, 0, 0],
						"0.5": [0, 0, 0]
					}
				},
				"tail": {
					"rotation": {
						"0.0": [0, 0, 0],
						"0.125": [0, -20, 0],
						"0.25": [0, 0, 0],
						"0.375": [0, 20, 0],
						"0.5": [0, 0, 0]
					}
				},
				"arm_right": {
					"rotation": {
						"0.0": [0, 0, 0],
						"0.125": [-45, 0, 0],
						"0.25": [0, 0, 0],
						"0.375": [45, 0, 0],
						"0.5": [0, 0, 0]
					}
				},
				"arm_left": {
					"rotation": {
						"0.0": [0, 0, 0],
						"0.125": [45, 0, 0],
						"0.25": [0, 0, 0],
						"0.375": [-45, 0, 0],
						"0.5": [0, 0, 0]
					}
				},
				"leg_right": {
					"rotation": {
						"0.0": [0, 0, 0],
						"0.125": [45, 0, 0],
						"0.25": [0, 0, 0],
						"0.375": [-45, 0, 0],
						"0.5": [0, 0, 0]
					}
				},
				"leg_left": {
					"rotation": {
						"0.0": [0, 0, 0],
						"0.125": [-45, 0, 0],
						"0.25": [0, 0, 0],
						"0.375": [45, 0, 0],
						"0.5": [0, 0, 0]
					}
				}
			}
		}
	}
}