{
  "format_version": "1.21.40",
  "minecraft:atmosphere_settings": {
    "description": {
      "identifier": "cc:the_end_atmospherics"
    },
    "sky_zenith_color": {
      "0.750000": [130, 110, 120],
      "0.000000": [174, 40, 247],
      "0.146421": [115, 120, 140],
      "0.670000": [15, 75, 60],
      "0.339479": [130, 110, 110],
      "0.369848": [63, 11, 111],
      "0.775000": [115, 120, 140]
    },
    "sky_horizon_color": {
      "0.047722": [112, 33, 228],
      "0.045553": [232, 238, 255],
      "0.046638": [232, 238, 255],
      "0.092191": [240, 140, 100],
      "0.627983": [240, 130, 120],
      "0.375271": [50, 175, 235],
      "0.164859": [125, 33, 217],
      "0.492408": [240, 140, 100],
      "0.992408": [30, 12, 46]
    },
    "rayleigh_strength": {
      "0.047722": 25.111112594604492,
      "0.393709": 25.33333396911621,
      "0.608460": 9.222222328186035,
      "0.996746": 28.22222137451172
    },
    "sun_mie_strength": {
      "0.000000": 41.20000076293945,
      "0.399132": 33.86666488647461,
      "0.760304": 28.53333282470703
    },
    "moon_mie_strength": {
      "0.800000": 3,
      "0.000000": 9.866666793823242,
      "0.390456": 12.533333778381348
    },
    "sun_glare_shape": {
      "0.800000": 5,
      "0.000000": 21.22222137451172,
      "0.398048": 28
    },
    "horizon_blend_stops": {
      "min": {
        "0.112691": 0.23333334922790527,
        "0.111597": 0.2155555635690689,
        "0.100656": 0.320000022649765,
        "0.000000": 0.15555556118488312,
        "0.113786": 0.18222221732139587,
        "0.775000": 0.30000001192092896,
        "0.341357": 0.3133333623409271,
        "0.249453": 0.40000003576278687,
        "0.400438": 0.10222221165895462,
        "0.597374": 0.08444555848836899,
        "0.820000": 0.30000001192092896,
        "0.657549": 0.09333444386720657,
        "0.700000": 0.20999999344348907,
        "0.720000": 0.20999999344348907,
        "0.750000": 0.25,
        "0.760000": 0.30000001192092896
      },
      "start": {
        "0.800000": 0.27000001072883606,
        "0.000000": 0.2866666913032532,
        "0.092998": 0.09111111611127853,
        "0.165208": 0.64000004529953,
        "0.748750": 0.27000001072883606,
        "0.597374": 0.05555664375424385,
        "0.401532": 0.5177778005599976,
        "0.675000": 0.20000000298023224
      },
      "mie_start": {
        "0.800000": 0.30000001192092896,
        "0.394967": 0.11466797441244125,
        "0.000000": 0.30000001192092896,
        "0.748750": 0.30000001192092896,
        "0.095186": 0.04000130295753479,
        "0.252735": 0.10133463889360428,
        "0.547046": 0.27733466029167175,
        "0.699125": 0.07200130820274353
      },
      "max": {
        "0.018600": 0.2622233033180237,
        "0.404814": 0.44666776061058044,
        "0.788840": 0.05777886509895325
      }
    }
  }
}