{
  "format_version": "1.21.40",
  "minecraft:atmosphere_settings": {
    "description": {
      "identifier": "cc:nether_blue_atmospherics"
    },
    "horizon_blend_stops": {
      "min": {
        "0": 0.30000001192092896,
        "0.17": 0.30000001192092896,
        "0.225": 0.30000001192092896,
        "0.24": 0.30000001192092896,
        "0.25": 0.25,
        "0.2560174413635119": 0.07111222729976244,
        "0.318380765351477": 0.042222803712909034,
        "0.3982494529540481": 0.04888996069608271,
        "0.5973742862759847": 0.0844455570161986,
        "0.6575493623495624": 0.09333444349382272,
        "0.7": 0.20999999344348907,
        "0.72": 0.20999999344348907,
        "0.75": 0.25,
        "0.76": 0.30000001192092896,
        "0.775": 0.30000001192092896,
        "0.82": 0.30000001192092896
      },
      "start": {
        "0": 0.30000001192092896,
        "0.094091839612965": 0.10222331802050273,
        "0.21334792122538293": 0.12666776246494718,
        "0.3884026151360777": 0.12222331027189891,
        "0.5973742862759847": 0.05555664360523224,
        "0.675": 0.20000000298023224,
        "0.74875": 0.27000001072883606,
        "0.8": 0.27000001072883606
      },
      "mie_start": {
        "0": 0.30000001192092896,
        "0.0951859315166849": 0.04000130367284227,
        "0.25273522975929974": 0.1013346394433433,
        "0.3949671665583972": 0.1146679733064957,
        "0.5470460587048686": 0.27733464643695493,
        "0.6991247798994804": 0.07200130494440803,
        "0.74875": 0.30000001192092896,
        "0.8": 0.30000001192092896
      },
      "max": {
        "0.018599562363238512": 0.26222330729166665,
        "0.4048139776651395": 0.44666775471634335,
        "0.7888402091596006": 0.05777886582745446
      }
    },
    "rayleigh_strength": {
      "0.19": 14
    },
    "sun_mie_strength": {
      "0.19": 3.5
    },
    "moon_mie_strength": {
      "0.19": 0.0
    },
    "sun_glare_shape": {
      "0.19": 5.0
    },
    "sky_zenith_color": {
      //  sky color
      "0.17": [50, 191, 199]
    },
    "sky_horizon_color": {
      "0.17": [146, 233, 250]
    }
  }
}
