{
	"format_version": "1.8.0",
	"animations": {
		"animation.idle.sulphurradiator.new": {
			"loop": true,
			"animation_length": 1,
			"bones": {
				"Skyfin": {
					"rotation": {
						"0.0": [0, -2, 0],
						"0.125": [0, 2.2431, 0],
						"0.1667": [0, 3.45085, 0],
						"0.2083": [0, 4.52982, 0],
						"0.25": [0, 5.46019, 0],
						"0.2917": [0, 6.21813, 0],
						"0.3333": [0, 6.77404, 0],
						"0.375": [0, 7.08989, 0],
						"0.4167": [0, 7.1162, 0],
						"0.4583": [0, 6.78516, 0],
						"0.5": [0, 6, 0],
						"0.5417": [0, 4.75384, 0],
						"0.6667": [0, 0.16951, 0],
						"0.7083": [0, -1.23239, 0],
						"0.75": [0, -2.4306, 0],
						"0.7917": [0, -3.35982, 0],
						"0.8333": [0, -3.96099, 0],
						"0.875": [0, -4.17939, 0],
						"0.9167": [0, -3.96091, 0],
						"0.9583": [0, -3.25261, 0],
						"1.0": [0, -2, 0]
					},
					"position": {
						"0.0": [2, 0, 0],
						"0.0417": [1.93975, 0, 0],
						"0.0833": [1.75697, 0, 0],
						"0.125": [1.45319, 0, 0],
						"0.1667": [1.04043, 0, 0],
						"0.2083": [0.5434, 0, 0],
						"0.2917": [-0.5434, 0, 0],
						"0.3333": [-1.04043, 0, 0],
						"0.375": [-1.45319, 0, 0],
						"0.4167": [-1.75697, 0, 0],
						"0.4583": [-1.93975, 0, 0],
						"0.5": [-2, 0, 0],
						"0.5417": [-1.93975, 0, 0],
						"0.5833": [-1.75697, 0, 0],
						"0.625": [-1.45319, 0, 0],
						"0.6667": [-1.04043, 0, 0],
						"0.7083": [-0.5434, 0, 0],
						"0.7917": [0.5434, 0, 0],
						"0.8333": [1.04043, 0, 0],
						"0.875": [1.45319, 0, 0],
						"0.9167": [1.75697, 0, 0],
						"0.9583": [1.93975, 0, 0],
						"1.0": [2, 0, 0]
					}
				},
				"Skyfin_Segment": {
					"rotation": {
						"0.0": [0, -2.5, 0],
						"0.0417": [0, -0.73407, 0],
						"0.0833": [0, 2.16785, 0],
						"0.125": [0, 5.50228, 0],
						"0.1667": [0, 8.07255, 0],
						"0.2083": [0, 9.5, 0],
						"0.25": [0, 10.14645, 0],
						"0.2917": [0, 10.29696, 0],
						"0.3333": [0, 9.98497, 0],
						"0.375": [0, 9.21056, 0],
						"0.4167": [0, 7.92847, 0],
						"0.4583": [0, 6, 0],
						"0.5417": [0, 0.69106, 0],
						"0.5833": [0, -1.79973, 0],
						"0.625": [0, -3.93182, 0],
						"0.6667": [0, -5.58917, 0],
						"0.7083": [0, -6.65613, 0],
						"0.75": [0, -7, 0],
						"0.7917": [0, -6.8426, 0],
						"0.8333": [0, -6.46932, 0],
						"0.875": [0, -5.81871, 0],
						"0.9167": [0, -4.87323, 0],
						"1.0": [0, -2.5, 0]
					}
				},
				"Skyfin_Tail": {
					"rotation": {
						"0.0": [0, -8.2, 0],
						"0.0417": [0, -5.30583, 0],
						"0.0833": [0, -1.44008, 0],
						"0.125": [0, 1.98907, 0],
						"0.1667": [0, 3.8, 0],
						"0.2083": [0, 4.64655, 0],
						"0.25": [0, 5.24867, 0],
						"0.2917": [0, 5.46224, 0],
						"0.3333": [0, 5.32237, 0],
						"0.375": [0, 4.91154, 0],
						"0.4167": [0, 4.3, 0],
						"0.4583": [0, 3.14132, 0],
						"0.5": [0, 0.72192, 0],
						"0.5417": [0, -3.35699, 0],
						"0.5833": [0, -7.91475, 0],
						"0.625": [0, -10.90211, 0],
						"0.6667": [0, -12.3, 0],
						"0.7083": [0, -12.87821, 0],
						"0.75": [0, -13.07654, 0],
						"0.7917": [0, -12.96893, 0],
						"0.8333": [0, -12.5954, 0],
						"0.875": [0, -11.97182, 0],
						"0.9167": [0, -11.08939, 0],
						"0.9583": [0, -9.89647, 0],
						"1.0": [0, -8.2, 0]
					}
				},
				"Skyfin_Left_Bottom_Wing": {
					"rotation": {
						"0.0": [0, 0, 17.5],
						"0.0417": [0, 0, 9.96103],
						"0.0833": [0, 0, 2.24296],
						"0.125": [0, 0, -5.2437],
						"0.1667": [0, 0, -12.08435],
						"0.2083": [0, 0, -17.91092],
						"0.25": [0, 0, -22.43786],
						"0.2917": [0, 0, -25.47952],
						"0.3333": [0, 0, -26.94494],
						"0.375": [0, 0, -26.8222],
						"0.4167": [0, 0, -25.15128],
						"0.4583": [0, 0, -22.01174],
						"0.5": [0, 0, -17.5],
						"0.5417": [0, 0, -12.10126],
						"0.5833": [0, 0, -6.2965],
						"0.6667": [0, 0, 5.97189],
						"0.7083": [0, 0, 12.0054],
						"0.75": [0, 0, 17.56554],
						"0.7917": [0, 0, 22.25657],
						"0.8333": [0, 0, 25.62851],
						"0.875": [0, 0, 27.21615],
						"0.9167": [0, 0, 26.59034],
						"0.9583": [0, 0, 23.41878],
						"1.0": [0, 0, 17.5]
					}
				},
				"Skyfin_Right_Bottom_Wing": {
					"rotation": {
						"0.0": [0, 0, -17.5],
						"0.0417": [0, 0, -9.96103],
						"0.0833": [0, 0, -2.24296],
						"0.125": [0, 0, 5.2437],
						"0.1667": [0, 0, 12.08435],
						"0.2083": [0, 0, 17.91092],
						"0.25": [0, 0, 22.43786],
						"0.2917": [0, 0, 25.47952],
						"0.3333": [0, 0, 26.94494],
						"0.375": [0, 0, 26.8222],
						"0.4167": [0, 0, 25.15128],
						"0.4583": [0, 0, 22.01174],
						"0.5": [0, 0, 17.5],
						"0.5417": [0, 0, 12.10126],
						"0.5833": [0, 0, 6.2965],
						"0.6667": [0, 0, -5.97189],
						"0.7083": [0, 0, -12.0054],
						"0.75": [0, 0, -17.56554],
						"0.7917": [0, 0, -22.25657],
						"0.8333": [0, 0, -25.62851],
						"0.875": [0, 0, -27.21615],
						"0.9167": [0, 0, -26.59034],
						"0.9583": [0, 0, -23.41878],
						"1.0": [0, 0, -17.5]
					}
				},
				"Skyfin_Left_Middle_Wing1": {
					"rotation": {
						"0.0": [0, 12.5, 0],
						"0.0417": [0, 14.0216, 0],
						"0.0833": [0, 15.24344, 0],
						"0.125": [0, 16.09824, 0],
						"0.1667": [0, 16.50785, 0],
						"0.2083": [0, 16.38732, 0],
						"0.25": [0, 15.66772, 0],
						"0.2917": [0, 14.3359, 0],
						"0.3333": [0, 12.48147, 0],
						"0.4167": [0, 8.04603, 0],
						"0.4583": [0, 5.90607, 0],
						"0.5": [0, 4, 0],
						"0.5417": [0, 2.40851, 0],
						"0.5833": [0, 1.24848, 0],
						"0.625": [0, 0.63424, 0],
						"0.6667": [0, 0.64434, 0],
						"0.7083": [0, 1.27035, 0],
						"0.75": [0, 2.40428, 0],
						"0.7917": [0, 3.88434, 0],
						"1.0": [0, 12.5, 0]
					}
				},
				"Skyfin_Left_Middle_Wing2": {
					"rotation": {
						"0.0": [0, 7.5, 0],
						"0.0417": [0, 8.83892, 0],
						"0.125": [0, 12.06776, 0],
						"0.1667": [0, 13.44634, 0],
						"0.2083": [0, 14.5, 0],
						"0.25": [0, 15.14645, 0],
						"0.2917": [0, 15.29696, 0],
						"0.3333": [0, 14.98497, 0],
						"0.375": [0, 14.21056, 0],
						"0.4167": [0, 12.92847, 0],
						"0.4583": [0, 11, 0],
						"0.5": [0, 8.87888, 0],
						"0.5417": [0, 7.11842, 0],
						"0.5833": [0, 5.6631, 0],
						"0.625": [0, 4.50423, 0],
						"0.6667": [0, 3.65341, 0],
						"0.7083": [0, 3.13782, 0],
						"0.75": [0, 3, 0],
						"0.7917": [0, 3.1574, 0],
						"0.8333": [0, 3.53068, 0],
						"0.875": [0, 4.18129, 0],
						"0.9167": [0, 5.12677, 0],
						"1.0": [0, 7.5, 0]
					}
				},
				"Skyfin_Left_Middle_Wing3": {
					"rotation": {
						"0.0": [0, 5.8, 0],
						"0.0833": [0, 10.04311, 0],
						"0.125": [0, 11.96772, 0],
						"0.1667": [0, 13.61208, 0],
						"0.2083": [0, 14.8, 0],
						"0.25": [0, 15.62292, 0],
						"0.2917": [0, 16.19885, 0],
						"0.3333": [0, 16.38656, 0],
						"0.375": [0, 16.13266, 0],
						"0.4167": [0, 15.43126, 0],
						"0.4583": [0, 14.3, 0],
						"0.5": [0, 12.63479, 0],
						"0.5417": [0, 10.23077, 0],
						"0.5833": [0, 7.2999, 0],
						"0.625": [0, 4.64729, 0],
						"0.6667": [0, 2.80413, 0],
						"0.7083": [0, 1.7, 0],
						"0.75": [0, 1.10765, 0],
						"0.7917": [0, 0.92131, 0],
						"0.8333": [0, 1.11775, 0],
						"0.875": [0, 1.68499, 0],
						"0.9167": [0, 2.62614, 0],
						"0.9583": [0, 3.96867, 0],
						"1.0": [0, 5.8, 0]
					}
				},
				"Skyfin_Right_Middle_Wing1": {
					"rotation": {
						"0.0": [0, -12.5, 0],
						"0.0417": [0, -14.0216, 0],
						"0.0833": [0, -15.24344, 0],
						"0.125": [0, -16.09824, 0],
						"0.1667": [0, -16.50785, 0],
						"0.2083": [0, -16.38732, 0],
						"0.25": [0, -15.66772, 0],
						"0.2917": [0, -14.3359, 0],
						"0.3333": [0, -12.48147, 0],
						"0.4167": [0, -8.04603, 0],
						"0.4583": [0, -5.90607, 0],
						"0.5": [0, -4, 0],
						"0.5417": [0, -2.40851, 0],
						"0.5833": [0, -1.24848, 0],
						"0.625": [0, -0.63424, 0],
						"0.6667": [0, -0.64434, 0],
						"0.7083": [0, -1.27035, 0],
						"0.75": [0, -2.40428, 0],
						"0.7917": [0, -3.88434, 0],