{
	"format_version": "1.8.0",
	"animations": {
		"animation.entity.ntk_deopard.attack_melee": {
			"loop": true,
			"animation_length": 0.5,
			"bones": {
				"body": {
					"rotation": {
						"0.0": [0, 0, 0],
						"0.25": [-5, 0, 0],
						"0.5": [0, 0, 0]
					}
				},
				"ear_2_right": {
					"rotation": {
						"0.0": [0, 0, 0],
						"0.25": [-15, 0, 0],
						"0.5": [0, 0, 0]
					}
				},
				"ear_2_left": {
					"rotation": {
						"0.0": [0, 0, 0],
						"0.25": [-15, 0, 0],
						"0.5": [0, 0, 0]
					}
				},
				"mouth_down": {
					"rotation": {
						"0.0": [0, 0, 0],
						"0.25": [45, 0, 0],
						"0.5": [0, 0, 0]
					}
				},
				"tail_1": {
					"rotation": {
						"0.0": [0, 0, 0],
						"0.25": [22.5, 0, 0],
						"0.5": [0, 0, 0]
					}
				},
				"leg_front_right": {
					"rotation": {
						"0.0": [0, 0, 0],
						"0.125": [-21.80633, 5.68422, 13.9042],
						"0.25": [-44.56145, 7.05302, 7.10708],
						"0.5": [0, 0, 0]
					},
					"position": {
						"0.0": [0, 0, 0],
						"0.25": [0, -1, -1],
						"0.5": [0, 0, 0]
					}
				},
				"leg_front_left": {
					"rotation": {
						"0.0": [0, 0, 0],
						"0.125": [-21.80633, -5.68422, -13.9042],
						"0.25": [-44.56145, -7.05302, -7.10708],
						"0.5": [0, 0, 0]
					},
					"position": {
						"0.0": [0, 0, 0],
						"0.25": [0, -1, -1],
						"0.5": [0, 0, 0]
					}
				},
				"leg_back_right": {
					"rotation": {
						"0.0": [0, 0, 0],
						"0.25": [22.5, 0, 0],
						"0.5": [0, 0, 0]
					},
					"position": {
						"0.0": [0, 0, 0],
						"0.25": [0, 0, 1],
						"0.5": [0, 0, 0]
					}
				},
				"leg_back_left": {
					"rotation": {
						"0.0": [0, 0, 0],
						"0.25": [22.5, 0, 0],
						"0.5": [0, 0, 0]
					},
					"position": {
						"0.0": [0, 0, 0],
						"0.25": [0, 0, 1],
						"0.5": [0, 0, 0]
					}
				}
			}
		},
		"animation.entity.ntk_deopard.baby_scaling": {
      "loop": true,
      "bones": {
        "head": {
          "scale": 1.2
        }
      }
    },
		"animation.entity.ntk_deopard.interested": {
			"loop": true,
			"animation_length": 0.5,
			"bones": {
				"head": {
					"rotation": {
						"0.0": [0, 0, 12.5],
						"0.5": [0, 0, 12.5]
					}
				},
				"ear_2_right": {
					"rotation": {
						"0.0": [-27.80565, 15.20925, -20.81717],
						"0.5": [-27.80565, 15.20925, -20.81717]
					},
					"position": {
						"0.0": [0, 0, -1],
						"0.5": [0, 0, -1]
					}
				},
				"ear_2_left": {
					"rotation": {
						"0.0": [-27.80565, -15.20925, 20.81717],
						"0.5": [-27.80565, -15.20925, 20.81717]
					},
					"position": {
						"0.0": [0, 0, -1],
						"0.5": [0, 0, -1]
					}
				},
				"tail_1": {
					"rotation": {
						"0.0": [0, 0, 0],
						"0.125": [0, 0, 5],
						"0.25": [0, 0, 0],
						"0.375": [0, 0, -5],
						"0.5": [0, 0, 0]
					}
				},
				"tail_2": {
					"rotation": {
						"0.0": [0, 0, 0],
						"0.125": [0, 0, 5],
						"0.25": [0, 0, 0],
						"0.375": [0, 0, -5],
						"0.5": [0, 0, 0]
					}
				}
			}
		},
	  "animation.entity.ntk_deopard.look_at_target": {
			"loop": true,
			"bones": {
				"head": {
					"relative_to": {
						"rotation": "entity"
					},
					"rotation": [
					  "query.target_x_rotation - this",
					  "query.target_y_rotation - this",
					  0.0
					]
				}
			}
		},
		"animation.entity.ntk_deopard.sitting": {
			"loop": "hold_on_last_frame",
			"animation_length": 0.5,
			"bones": {
				"body": {
					"rotation": {
						"0.0": [0, 0, 0],
						"0.5": [-45, 0, 0]
					},
					"position": {
						"0.0": [0, 0, 0],
						"0.5": [0, -1, 0]
					}
				},
				"head": {
					"rotation": {
						"0.0": [0, 0, 0],
						"0.5": [44.85112, 3.97988, 2.62502]
					},
					"position": {
						"0.0": [0, 0, 0],
						"0.5": [0, 0, 0]
					}
				},
				"ear_2_right": {
					"rotation": {
						"0.0": [0, 0, 0],
						"0.5": [0, 22.5, 0]
					}
				},
				"ear_2_left": {
					"rotation": {
						"0.0": [0, 0, 0],
						"0.5": [0, -22.5, 0]
					}
				},
				"tail_1": {
					"rotation": {
						"0.0": [0, 0, 0],
						"0.5": [97.5, 0, 0]
					},
					"position": {
						"0.0": [0, 0, 0],
						"0.5": [0, 0, 1]
					}
				},
				"leg_front_right": {
					"rotation": {
						"0.0": [0, 0, 0],
						"0.5": [45, 0, 0]
					},
					"position": {
						"0.0": [0, 0, 0],
						"0.5": [0, -4, -2]
					}
				},
				"leg_front_left": {
					"rotation": {
						"0.0": [0, 0, 0],
						"0.5": [45, 0, 0]
					},
					"position": {
						"0.0": [0, 0, 0],
						"0.5": [0, -4, -2]
					}
				},
				"leg_back_right": {
					"rotation": {
						"0.0": [0, 0, 0],
						"0.5": [-45, 0, 0]
					},
					"position": {
						"0.0": [0, 0, 0],
						"0.5": [0, 0, -1]
					}
				},
				"leg_back_left": {
					"rotation": {
						"0.0": [0, 0, 0],
						"0.5": [-45, 0, 0]
					},
					"position": {
						"0.0": [0, 0, 0],
						"0.5": [0, 0, -1]
					}
				}
			}
		},
		"animation.entity.ntk_deopard.walking": {
			"loop": true,
			"animation_length": 0.5,
			"bones": {
				"ear_2_right": {
					"rotation": {
						"0.0": [-20.94102, 40.78947, -30.36119],
						"0.5": [-20.94102, 40.78947, -30.36119]
					},
					"position": {
						"0.0": [0, 0, -1],
						"0.5": [0, 0, -1]
					}
				},
				"ear_2_left": {
					"rotation": {
						"0.0": [-20.94102, -40.78947, 30.36119],
						"0.5": [-20.94102, -40.78947, 30.36119]
					},
					"position": {
						"0.0": [0, 0, -1],
						"0.5": [0, 0, -1]
					}
				},
				"tail_1": {
					"rotation": {
						"0.0": [0, 0, 0],
						"0.25": [5, 0, 0],
						"0.5": [0, 0, 0]
					}
				},
				"leg_front_right": {
					"rotation": {
						"0.0": [0, 0, 0],
						"0.125": [-45, 0, 0],
						"0.25": [0, 0, 0],
						"0.375": [45, 0, 0],
						"0.5": [0, 0, 0]
					}
				},
				"leg_front_left": {
					"rotation": {
						"0.0": [0, 0, 0],
						"0.125": [45, 0, 0],
						"0.25": [0, 0, 0],
						"0.375": [-45, 0, 0],
						"0.5": [0, 0, 0]
					}
				},
				"leg_back_right": {
					"rotation": {
						"0.0": [0, 0, 0],
						"0.125": [45, 0, 0],
						"0.25": [0, 0, 0],
						"0.375": [-45, 0, 0],
						"0.5": [0, 0, 0]
					}
				},
				"leg_back_left": {
					"rotation": {
						"0.0": [0, 0, 0],
						"0.125": [-45, 0, 0],
						"0.25": [0, 0, 0],
						"0.375": [45, 0, 0],
						"0.5": [0, 0, 0]
					}
				}
			}
		}
	}
}