{
	"format_version": "1.8.0",
	"animations": {
	  "animation.entity.ntk_corrupted_raven.adult_scaling": {
      "loop": true,
      "bones": {
				"root": {
					"position": [0, 1.85, 0],
					"scale": 1.4
				},
				"head": {
					"scale": 1.4
				}
			}
    },
    "animation.entity.ntk_corrupted_raven.baby_scaling": {
      "loop": true,
      "bones": {
        "head": {
          "scale": 1.5
        }
      }
    },
		"animation.entity.ntk_corrupted_raven.flying": {
			"loop": true,
			"animation_length": 0.5,
			"bones": {
				"head": {
					"rotation": [5, 0, 0],
					"position": [0, 0.5, 0.5]
				},
				"wing_left": {
					"rotation": {
						"0.0": [0, -90, -90],
						"0.0417": [93.71654, -85.83559, -183.989],
						"0.0833": [91.85827, -75.4178, -181.9945],
						"0.125": [90, -65, -180],
						"0.1667": [95, -75, -187.04095],
						"0.2083": [88, -83, -180.40655],
						"0.25": [0, -90, -90],
						"0.2917": [-74.22711, -84, -15.4365],
						"0.3333": [-89.83614, -72, 0.39642],
						"0.375": [-90, -57.5, 0],
						"0.4167": [-89.83614, -72, 0.39642],
						"0.4583": [-74.22711, -84, -15.4365],
						"0.5": [0, -90, -90]
					},
					"position": [0, -3, -0.5]
				},
				"wing_right": {
					"rotation": {
						"0.0": [0, 90, 90],
						"0.0417": [91.60933, 86.05068, 181.6834],
						"0.0833": [97.73241, 75.33862, 187.81091],
						"0.125": [90, 65, 180],
						"0.1667": [95, 75, 186.98791],
						"0.2083": [88, 83, 177.0388],
						"0.25": [0, 90, 90],
						"0.2917": [-75.85537, 84, 13.81449],
						"0.3333": [-90.64902, 72, -1.20693],
						"0.375": [-90, 57.5, 0],
						"0.4167": [-90.64902, 72, -1.20693],
						"0.4583": [-75.85537, 84, 13.81449],
						"0.5": [0, 90, 90]
					},
					"position": {
						"0.0": [0, -3, -0.5],
						"0.5": [0, -3, -0.5]
					}
				},
				"tail": {
					"rotation": {
						"0.0": [-15, 0, 0],
						"0.25": [-7.5, 0, 0],
						"0.5": [-15, 0, 0]
					}
				},
				"leg_left": {
					"rotation": {
						"0.0": [50, 0, 0],
						"0.5": [50, 0, 0]
					}
				},
				"leg_right": {
					"rotation": {
						"0.0": [50, 0, 0],
						"0.5": [50, 0, 0]
					}
				},
				"body": {
					"rotation": {
						"0.0": [20, 0, 0],
						"0.5": [20, 0, 0]
					}
				}
			}
		},
		"animation.entity.ntk_corrupted_raven.interested": {
			"loop": true,
			"animation_length": 0.66667,
			"bones": {
				"head": {
					"rotation": [0, 0, 20]
				}
			}
		},
		"animation.entity.ntk_corrupted_raven.look_at_target": {
			"loop": true,
			"bones": {
				"head": {
					"relative_to": {
						"rotation": "entity"
					},
					"rotation": [
						"query.target_x_rotation - this",
						"query.target_y_rotation - this",
						0.0
					]
				}
			}
		},
		"animation.entity.ntk_corrupted_raven.sitting": {
			"loop": true,
			"animation_length": 0.25,
			"bones": {
				"body": {
					"position": {
						"0.0": [0, -0.6, 0],
						"0.25": [0, -0.6, 0]
					}
				}
			}
		},
		"animation.entity.ntk_corrupted_raven.walking": {
			"loop": true,
			"anim_time_update": "query.modified_distance_moved",
			"bones": {
				"leg_left": {
					"rotation": [ "math.cos(query.anim_time * 38.17) *  70.0", 0.0, 0.0 ]
				},
				"leg_right": {
					"rotation": [ "math.cos(query.anim_time * 38.17) * -70.0", 0.0, 0.0 ]
				}
			}
		}
	}
}