{
  "format_version": "1.8.0",
  "animations": {
    "animation.wan_redcave.tech_sword.fp": {
      "loop": true,
      "bones": {
        "tech_sword": {
          "rotation": [
            128.73791,
            -54.45869,
            89.96109
          ],
          "position": [
            3.84489,
            -7.35403,
            7.1553
          ]
        }
      }
    },
    "animation.wan_redcave.tech_sword.tp": {
      "loop": true,
      "bones": {
        "tech_sword": {
          "rotation": [
            90,
            360,
            -180
          ],
          "position": [
            0,
            -7.8,
            -4.4
          ],
          "scale": 0.9
        }
      }
    },
    "animation.wan_redcave.tech_sword.slash": {
      "loop": "hold_on_last_frame",
      "animation_length": 0.84,
      "bones": {
        "tech_sword": {
          "rotation": {
            "0.0": [
              0,
              0,
              0
            ],
            "0.04": [
              1.74602,
              -1.00682,
              -0.19642
            ],
            "0.12": [
              21.29262,
              -12.27806,
              -2.39529
            ],
            "0.16": [
              23.03864,
              -13.28487,
              -2.59171
            ],
            "0.2": [
              23.00206,
              -12.17319,
              -2.14079
            ],
            "0.24": [
              5.89622,
              4.12562,
              -30.40986
            ],
            "0.28": [
              -10.81414,
              11.97935,
              -61.85684
            ],
            "0.32": [
              -27.77085,
              18.42736,
              -90.82254
            ],
            "0.36": [
              -46.98383,
              22.70257,
              -97.86841
            ],
            "0.4": [
              -47.26676,
              22.40853,
              -94.93621
            ],
            "0.52": [
              -42.97173,
              19.08849,
              -103.54558
            ],
            "0.6": [
              1.89319,
              0.60795,
              -45.77202
            ],
            "0.64": [
              0.95,
              0.3,
              -22.89
            ],
            "0.72": [
              0,
              0,
              0
            ]
          },
          "position": {
            "0.0": [
              0,
              0,
              0
            ],
            "0.04": [
              -0.15157,
              -0.07579,
              0
            ],
            "0.12": [
              -1.84843,
              -0.92421,
              0
            ],
            "0.16": [
              -2,
              -1,
              0
            ],
            "0.2": [
              -1.24195,
              -0.6693,
              -1.15129
            ],
            "0.24": [
              5.24195,
              2.1593,
              -10.99871
            ],
            "0.28": [
              6,
              2.49,
              -12.15
            ],
            "0.32": [
              5.3367,
              3.10687,
              -12.42006
            ],
            "0.36": [
              -0.3367,
              8.38313,
              -14.72994
            ],
            "0.4": [
              -1,
              9,
              -15
            ],
            "0.52": [
              -1,
              10,
              -14
            ],
            "0.64": [
              -0.33,
              6.33,
              -4.67
            ],
            "0.72": [
              -0.13,
              1.73,
              -0.87
            ],
            "0.84": [
              0,
              0,
              0
            ]
          },
          "scale": 1
        }
      }
    }
  }
}