{
	"format_version": "1.8.0",
	"animations": {
		"animation.meteor.spin": {
			"loop": true,
			"animation_length": 0.75,
			"bones": {
				"spin": {
					"rotation": {
						"0.0": [0, -45, -45],
						"0.125": [73.67505, -58.60029, -151.32495],
						"0.25": [94.37488, -16.27991, -209.90366],
						"0.375": [71.86347, 22.96477, -256.31521],
						"0.5": [22.31586, 25.46232, -322.75683],
						"0.625": [-3.60663, -11.78475, -371.06994],
						"0.75": [10.24836, -55.46086, -424.36088]
					},
					"position": {
						"0.0": [3, 0, 0],
						"0.125": [6, 2, 4],
						"0.25": [3, 4, 7],
						"0.375": [-2, 2, 6],
						"0.5": [-3, -3, 2],
						"0.625": [1, -3, -2],
						"0.75": [4, -1, 0]
					}
				}
			}
		}
	}
}