{
	"format_version": "1.8.0",
	"animations": {
		"animation.floral_amalgam.idle": {
			"loop": true,
			"animation_length": 1,
			"bones": {
				"petal": {
					"rotation": {
						"0.0": [0, 0, 50],
						"0.5": [0, 0, 75],
						"1.0": [0, 0, 50]
					}
				},
				"petal2": {
					"rotation": {
						"0.0": [-90, 50, 87.5],
						"0.5": [-90, 75, 87.5],
						"1.0": [-90, 50, 87.5]
					}
				},
				"petal3": {
					"rotation": {
						"0.0": [0, 0, -55],
						"0.5": [0, 0, -80],
						"1.0": [0, 0, -55]
					}
				},
				"petal4": {
					"rotation": {
						"0.0": [92.28888, -47.54995, 90.88905],
						"0.5": [91.77031, -72.53501, 89.8752],
						"1.0": [92.28888, -47.54995, 90.88905]
					}
				}
			}
		},
		"animation.floral_amalgam.chomp": {
			"animation_length": 0.3333,
			"bones": {
				"head": {
					"position": {
						"0.0": [0, 0, 0],
						"0.1667": [0, 0, -15],
						"0.3333": [0, 0, 0]
					}
				},
				"petal": {
					"rotation": {
						"0.0": [0, 0, 50],
						"0.1667": [0, 0, 90],
						"0.3333": [0, 0, 50]
					}
				},
				"petal2": {
					"rotation": {
						"0.0": [-90, 50, 87.5],
						"0.1667": [-90, 90, 87.5],
						"0.3333": [-90, 50, 87.5]
					}
				},
				"petal3": {
					"rotation": {
						"0.0": [0, 0, -55],
						"0.1667": [0, 0, -92.5],
						"0.3333": [0, 0, -55]
					}
				},
				"petal4": {
					"rotation": {
						"0.0": [92.28888, -47.54995, 90.88905],
						"0.1667": [91.68868, -90.02716, 89.34293],
						"0.3333": [92.28888, -47.54995, 90.88905]
					}
				},
				"stem": {
					"position": {
						"0.0": [0, 0, 0],
						"0.1667": [0, 0, -15],
						"0.3333": [0, 0, 0]
					}
				}
			}
		}
	}
}