{
	"format_version": "1.8.0",
	"animations": {
		"animation.luza.walk": {
			"loop": true,
			"animation_length": 1,
			"bones": {
				"body": {
					"rotation": [0, 0, 0]
				},
				"arm": {
					"rotation": [0, 0, 0],
					"position": {
						"0.0": [0, 0, 0],
						"0.25": [0, 4, 0],
						"0.5": [0, 0, 0]
					}
				},
				"arm2": {
					"rotation": [0, 0, 0],
					"position": {
						"0.25": [0, 0, 0],
						"0.75": [0, 4, 0],
						"1.0": [0, 0, 0]
					}
				},
				"leg": {
					"rotation": {
						"0.0": [0, 0, 0],
						"0.25": [0, 0, 25],
						"0.5": [0, 0, 0],
						"0.75": [0, 0, -20],
						"1.0": [0, 0, 0]
					}
				},
				"leg2": {
					"rotation": {
						"0.0": [0, 0, 0],
						"0.25": [0, 0, -20],
						"0.5": [0, 0, 0],
						"0.75": [0, 0, 20],
						"1.0": [0, 0, 0]
					}
				}
			}
		},
		"animation.luza.attack_1": {
			"animation_length": 1,
			"bones": {
				"body": {
					"rotation": {
						"0.0": [0, 0, 0],
						"0.25": [0, 0, 25],
						"0.5": [0, 0, 25],
						"0.75": [0, 0, -67.5],
						"1.0": [0, 0, 0]
					}
				},
				"arm": {
					"rotation": {
						"0.0": [0, 0, 0],
						"0.25": [26.83287, -2.49762, 52.4055],
						"0.5": [2.27351, -26.85132, 132.45859],
						"0.75": [0, 0, 57.5],
						"1.0": [0, 0, 0]
					},
					"position": {
						"0.0": [0, 0, 0],
						"0.25": [-19, 12, 17],
						"0.5": [-26, 69, 6],
						"0.75": [-55, -11, -1],
						"1.0": [0, 0, 0]
					}
				},
				"arm2": {
					"rotation": {
						"0.0": [0, 0, 0],
						"0.25": [-32.89913, 12.67956, 41.24227],
						"0.5": [10.27206, 33.64409, 130.61321],
						"0.75": [0, 0, 67.5],
						"1.0": [0, 0, 0]
					},
					"position": {
						"0.0": [0, 0, 0],
						"0.25": [-7, 30, -15],
						"0.5": [-19, 75, 6],
						"0.75": [-60, -5, 0],
						"1.0": [0, 0, 0]
					}
				},
				"head": {
					"rotation": {
						"0.0": [0, 0, 0],
						"0.25": [0, 0, 22.5],
						"0.5": [0, 0, 22.5],
						"0.75": [0, 0, -62.5],
						"1.0": [0, 0, 0]
					}
				}
			}
		},
		"animation.luza.soulspawn": {
			"animation_length": 1.04167,
			"bones": {
				"arm2": {
					"rotation": {
						"0.0": [0, 0, 0],
						"0.2917": [-27.5, 0, 62.5],
						"0.5": [0, 0, 0]
					},
					"position": {
						"0.0": [0, 0, 0],
						"0.2917": [-26, 25, -15],
						"0.5": [0, 0, 0]
					}
				},
				"head": {
					"rotation": {
						"0.0": [0, 0, 0],
						"0.25": [0, 0, 42.5],
						"0.5": [0, 0, 0]
					},
					"position": {
						"0.0": [0, 0, 0],
						"0.25": [-23, 0, 0],
						"0.5": [0, 0, 0]
					}
				}
			}
		},
		"animation.luza.death": {
			"loop": "hold_on_last_frame",
			"animation_length": 0.5,
			"bones": {
				"body": {
					"rotation": {
						"0.0": [0, 0, 0],
						"0.5": [0, 0, -72.5]
					},
					"position": {
						"0.0": [0, 0, 0],
						"0.5": [0, -7, 0]
					}
				},
				"arm": {
					"rotation": {
						"0.0": [0, 0, 0],
						"0.5": [27.5, 0, -105]
					},
					"position": {
						"0.0": [0, 0, 0],
						"0.5": [22, 20, 19]
					}
				},
				"arm2": {
					"rotation": {
						"0.0": [0, 0, 0],
						"0.5": [-37.5, 0, -97.5]
					},
					"position": {
						"0.0": [0, 0, 0],
						"0.5": [-2, 17, -15]
					}
				},
				"head": {
					"rotation": {
						"0.0": [0, 0, 0],
						"0.5": [0, 0, -155]
					},
					"position": {
						"0.0": [0, 0, 0],
						"0.5": [-78, 18, 0]
					}
				},
				"leg": {
					"rotation": {
						"0.0": [0, 0, 0],
						"0.5": [0, 0, -90]
					},
					"position": {
						"0.0": [0, 0, 0],
						"0.5": [0, -7, 0]
					}
				},
				"leg2": {
					"rotation": {
						"0.0": [0, 0, 0],
						"0.5": [0, 0, -90]
					},
					"position": {
						"0.0": [0, 0, 0],
						"0.5": [0, -7, 0]
					}
				},
				"crown": {
					"position": {
						"0.0": [0, 0, 0],
						"0.5": [24, -12, 0]
					}
				}
			}
		}
	}
}