{
  "format_version": "1.21.70",
  "minecraft:lighting_settings": {
    "description": {
      "identifier": "cc:default_lighting"
    },
    "directional_lights": {
      "sun": {
        "illuminance": {
          "0.0": 90, //noon
          "0.19": 90, //day
          "0.22": 60, //early day
          "0.23": 60, //sunset
          "0.24": 60, //sunset
          "0.25": 60, //sunset
          "0.26": 10, //sunset
          "0.3": 0.5, //NIGHT
          "0.5": 0.5, //MIDNIGHT
          "0.6": 0.5, //NIGHT
          "0.74": 10, //sunrise
          "0.75": 60, //sunrise
          "0.76": 60, //sunrise
          "0.78": 60, //early day
          "0.795": 90, //early day
          "0.81": 90 //daya
        },
        "color": {
          "0.74": [232, 122, 26], //sunrise
          "0.0": [189, 112, 33], //noon
          "0.26": [232, 122, 26] //sunset
        }
      },
      "moon": {
        "illuminance": {
          "0.0": 0.4, //noon
          "0.19": 0.4, //day
          "0.22": 0.4, //early day
          "0.25": 0.4, //sunset
          "0.3": 0.5, //NIGHT
          "0.3037499785423279": 0.6, //NIGHT
          "0.3249999880790710": 0.6, //NIGHT
          "0.5": 0.8, //MIDNIGHT
          "0.6": 0.6, //NIGHT
          "0.7074999809265137": 0.6, //NIGHT
          "0.75": 0.5, //sunrise
          "0.78": 0.4, //early day
          "0.81": 0.4 //day
        },
        "color": {
          "0.0": [86, 196, 222],
          "0.25": [86, 196, 222],
          "0.35": [86, 196, 222],
          "0.5": [86, 196, 222],
          "0.65": [86, 196, 222],
          "0.75": [86, 196, 222],
          "1.0": [86, 196, 222]
        }
      },
      "orbital_offset_degrees": {
        "0.5": 45,
        "0.75": 45,
        "0.82": 45,
        "0.93": 55,
        "0.97": 60,
        "1.0": 60,
        "0.03": 60,
        "0.07": 55,
        "0.18": 45,
        "0.25": 45,
        "0.35": 45
      }
    },
    "emissive": {
      "desaturation": 0.1
    },
    "ambient": {
      "illuminance": 0.2,
      "color": [118, 129, 163]
    },
    "sky": {
      "intensity": 0.4
    }
  }
}
