{
  "format_version": "1.21.70",
  "minecraft:lighting_settings": {
    "description": {
      "identifier": "cc:nether_lighting"
    },
    "directional_lights": {
      "sun": {
        "illuminance": {
          "0.0": 90, //noon
          "0.19": 90, //day
          "0.22": 60, //early day
          "0.23": 30, //sunset
          "0.24": 20, //sunset
          "0.25": 1, //sunset
          "0.26": 1, //sunset
          "0.3": 0.5, //NIGHT
          "0.3037499785423279": 0.5, //NIGHT
          "0.3249999880790710": 0.5, //NIGHT
          "0.5": 0.5, //MIDNIGHT
          "0.6": 0.5, //NIGHT
          "0.7074999809265137": 0.5, //NIGHT
          "0.74": 1, //sunrise
          "0.75": 20, //sunrise
          "0.76": 30, //sunrise
          "0.78": 60, //early day
          "0.795": 90, //early day
          "0.81": 90 //day
        },
        "color": {
          "0.5": [245, 76, 15],
          "0.75": [245, 76, 15],
          "0.82": [200, 147, 102],
          "0.93": [195, 147, 102],
          "1.0": [195, 147, 102],
          "0.07": [195, 147, 102],
          "0.18": [200, 147, 102],
          "0.25": [245, 76, 15],
          "0.35": [245, 76, 15]
        }
      },
      "moon": {
        "illuminance": {
          "0.0": 0.4, //noon
          "0.19": 0.4, //day
          "0.22": 0.4, //early day
          "0.25": 0.4, //sunset
          "0.3": 0.2, //NIGHT
          "0.3037499785423279": 0.2, //NIGHT
          "0.3249999880790710": 0.2, //NIGHT
          "0.5": 0.2, //MIDNIGHT
          "0.6": 0.2, //NIGHT
          "0.7074999809265137": 0.2, //NIGHT
          "0.75": 0.4, //sunrise
          "0.78": 0.4, //early day
          "0.81": 0.4 //day
        },
        "color": {
          "0.0": [55, 155, 215],
          "0.25": [55, 155, 215],
          "0.35": [55, 155, 215],
          "0.5": [55, 155, 215],
          "0.65": [55, 155, 215],
          "0.75": [55, 155, 215],
          "1.0": [55, 155, 215]
        }
      },
      "orbital_offset_degrees": {
        "0.5": 45,
        "0.75": 45,
        "0.82": 45,
        "0.93": 55,
        "0.97": 60,
        "1.0": 60,
        "0.03": 60,
        "0.07": 55,
        "0.18": 45,
        "0.25": 45,
        "0.35": 45
      }
    },
    "emissive": {
      "desaturation": 0.1
    },
    "ambient": {
      "illuminance": 0.8,
      "color": [145, 200, 230]
    },
    "sky": {
      "intensity": 1
    }
  }
}
