{
  "format_version": "1.21.80",
  "minecraft:lighting_settings": {
    "description": {
      "identifier": "cc:soul_lighting"
    },
    "directional_lights": {
      "orbital": {
        "sun": {
          "illuminance": {
            "0.0": 90, //noon
            "0.19": 90, //day
            "0.22": 90, //early day
            "0.23": 90, //sunset
            "0.24": 90, //sunset
            "0.25": 90, //sunset
            "0.26": 90, //sunset
            "0.3": 90, //NIGHT
            "0.3037499785423279": 90, //NIGHT
            "0.3249999880790710": 90, //NIGHT
            "0.5": 90, //MIDNIGHT
            "0.6": 90, //NIGHT
            "0.7074999809265137": 90, //NIGHT
            "0.74": 90, //sunrise
            "0.75": 90, //sunrise
            "0.76": 90, //sunrise
            "0.78": 90, //early day
            "0.795": 90, //early day
            "0.81": 90 //day
          },
          "color": {
            "0.5": [245, 76, 15],
            "0.75": [245, 76, 15],
            "0.82": [200, 147, 102],
            "0.93": [195, 147, 102],
            "1.0": [195, 147, 102],
            "0.07": [195, 147, 102],
            "0.18": [200, 147, 102],
            "0.25": [245, 76, 15],
            "0.35": [245, 76, 15]
          }
        },
        "moon": {
          "illuminance": {
            "0.0": 0.4, //noon
            "0.19": 0.4, //day
            "0.22": 0.4, //early day
            "0.25": 1, //sunset
            "0.3": 1.5, //NIGHT
            "0.3037499785423279": 1.5, //NIGHT
            "0.3249999880790710": 1.5, //NIGHT
            "0.5": 1.5, //MIDNIGHT
            "0.6": 1.5, //NIGHT
            "0.7074999809265137": 1.5, //NIGHT
            "0.75": 1, //sunrise
            "0.78": 0.4, //early day
            "0.81": 0.4 //day
          },
          "color": {
            "0.0": [55, 155, 215],
            "0.25": [55, 155, 215],
            "0.35": [55, 155, 215],
            "0.5": [55, 155, 215],
            "0.65": [55, 155, 215],
            "0.75": [55, 155, 215],
            "1.0": [55, 155, 215]
          }
        },
        "orbital_offset_degrees": {
          "0.5": 330,
          "0.75": 330,
          "0.82": 330,
          "0.93": 310,
          "0.97": 304,
          "1.0": 304,
          "0.03": 304,
          "0.07": 310,
          "0.18": 330,
          "0.25": 330,
          "0.35": 330
        }
      },
      "chaotic": {
        "illuminance": 7.0,
        "color": [200, 110, 255]
      }
    },
    "emissive": {
      "desaturation": 0.1
    },
    "ambient": {
      "illuminance": 0.6,
      "color": [45, 155, 200]
    },
    "sky": {
      "intensity": 0.25
    }
  }
}
