{
  "format_version": "1.21.80",
  "minecraft:lighting_settings": {
    "description": {
      "identifier": "cc:the_end_lighting"
    },
    "directional_lights": {
      "orbital": {
        "sun": {
          "illuminance": {
            "0.220000": 60,
            "0.000000": 90,
            "0.420000": 9044.4599609375,
            "0.240000": 1955.5555419921875,
            "0.235000": 0.007595486007630825,
            "0.190000": 90,
            "0.810000": 90,
            "0.230000": 30,
            "0.430000": 5866.6591796875,
            "0.500000": 0.5,
            "0.600000": 0.5,
            "0.740000": 1,
            "0.750000": 20,
            "0.760000": 30,
            "0.780000": 60,
            "0.795000": 90
          },
          "color": {
            "0.000000": [187, 113, 33],
            "0.275000": [238, 125, 24],
            "0.740000": [232, 122, 26]
          }
        },
        "moon": {
          "illuminance": {
            "0.220000": 0.4000000059604645,
            "0.325000": 0.6000000238418579,
            "0.000000": 0.4000000059604645,
            "0.190000": 0.4000000059604645,
            "0.250000": 0.4000000059604645,
            "0.300000": 0.5,
            "0.303750": 0.6000000238418579,
            "0.500000": 0.800000011920929,
            "0.600000": 0.6000000238418579,
            "0.707500": 0.6000000238418579,
            "0.750000": 0.5,
            "0.780000": 0.4000000059604645,
            "0.810000": 0.4000000059604645
          },
          "color": {
            "0.750000": [86, 196, 222],
            "0.000000": [86, 196, 222],
            "0.350000": [86, 196, 222],
            "0.158129": [86, 196, 222],
            "1.000000": [86, 196, 222],
            "0.650000": [86, 196, 222],
            "0.500000": [86, 196, 222]
          }
        },
        "orbital_offset_degrees": {
          "0.500000": 45,
          "0.030000": 60,
          "0.250000": 45,
          "0.180000": 45,
          "0.070000": 55,
          "0.350000": 45,
          "0.750000": 45,
          "0.820000": 45,
          "0.930000": 55,
          "0.970000": 60,
          "1.000000": 60
        }
      },
      "flash": {
        "color": [130, 53, 203],
        "illuminance": 50
      }
    },
    "emissive": {
      "desaturation": 0.10400000214576721
    },
    "ambient": {
      "color": [113, 59, 130],
      "illuminance": 0.20000000298023224
    },
    "sky": {
      "intensity": 0.2692000012099743
    }
  }
}
